INSERT INTO `employee` VALUES('ADMIN01','743290625854', 'Phan Hoàng Trọng', '0127059835', 'ADMIN01', '0', '21-10-23', 'Hồ Chí Minh', 'ADMIN01@gmail.com', 'Hồ Chí Minh');
INSERT INTO ADMIN VALUES('ADMIN01');

INSERT INTO `employee` VALUES('TEACHER01','574952290769','Trần Anh Anh','0108750657','TEACHER01','1','21-6-3','Nha Trang','TEACHER01@gmail.com','Hồ Chí Minh');
INSERT INTO `employee` VALUES('TEACHER02','364145797992','Trương Ngọc Huy','0269444449','TEACHER02','1','21-10-9','Hà Nội','TEACHER02@gmail.com','Hồ Chí Minh');
INSERT INTO `employee` VALUES('TEACHER03','136683225533','Trương Hoàng Sang','0887085972','TEACHER03','1','22-6-6','Đà Nẵng','TEACHER03@gmail.com','Hồ Chí Minh');
INSERT INTO `employee` VALUES('TEACHER04','726016803749','Nguyen Anh Anh','0991982362','TEACHER04','1','22-3-14','Hà Nội','TEACHER04@gmail.com','Hồ Chí Minh');
INSERT INTO `employee` VALUES('TEACHER05','092695596594','Phan Gia Sang','0544436407','TEACHER05','1','24-4-6','Đà Nẵng','TEACHER05@gmail.com','Hồ Chí Minh');
INSERT INTO `employee` VALUES('TEACHER06','227146684623','Phan Gia Yến','0117068853','TEACHER06','1','22-7-1','Hà Nội','TEACHER06@gmail.com','Hồ Chí Minh');
INSERT INTO `employee` VALUES('TEACHER07','214471458396','TEACHERrần Gia Huy','0278476987','TEACHER07','1','24-8-4','Nha Trang','TEACHER07@gmail.com','Hồ Chí Minh');
INSERT INTO `employee` VALUES('TEACHER08','927899624348','Phan Hoàng Sang','0336450904','TEACHER08','1','23-5-4','Hà Nội','TEACHER08@gmail.com','Hồ Chí Minh');
INSERT INTO `employee` VALUES('TEACHER09','140353281924','Nguyen Hoàng Trọng','0253734388','TEACHER09','1','21-6-9','Đà Nẵng','TEACHER09@gmail.com','Hồ Chí Minh');
INSERT INTO TEACHER VALUES('TEACHER01'),('TEACHER02'),('TEACHER03'),('TEACHER04'),('TEACHER05'),('TEACHER06'),('TEACHER07'),('TEACHER08'),('TEACHER09');

INSERT INTO `employee` VALUES('SUPERVISOR01','257765853111','Trương Anh Huy','0275854816','SUPERVISOR01','2','21-7-14','Đà Nẵng','SUPERVISOR01@gmail.com','Hồ Chí Minh');
INSERT INTO `employee` VALUES('SUPERVISOR02','734687731508','Trương Anh Anh','0545714246','SUPERVISOR02','2','24-7-9','Hà Nội','SUPERVISOR02@gmail.com','Hồ Chí Minh');
INSERT INTO `employee` VALUES('SUPERVISOR03','471055875291','Phan Ngọc Sang','0467714096','SUPERVISOR03','2','22-8-2','Hà Nội','SUPERVISOR03@gmail.com','Hồ Chí Minh');
INSERT INTO `employee` VALUES('SUPERVISOR04','343623825262','Trương Ngọc Huy','0372120816','SUPERVISOR04','2','23-6-10','Đà Nẵng','SUPERVISOR04@gmail.com','Hồ Chí Minh');
INSERT INTO `employee` VALUES('SUPERVISOR05','430931215286','Phan Hoàng Yến','0271242310','SUPERVISOR05','2','22-3-3','Hồ Chí Minh','SUPERVISOR05@gmail.com','Hồ Chí Minh');
INSERT INTO SUPERVISOR VALUES('SUPERVISOR01'),('SUPERVISOR02'),('SUPERVISOR03'),('SUPERVISOR04'),('SUPERVISOR05');