USE ENGLISH_CENTER;

INSERT INTO `employee` VALUES('ADMIN01','743290625854', 'Phan Hoàng Trọng', '0127059835', 'ADMIN01', '0', '1999-06-11', 'Hồ Chí Minh', 'ADMIN01@gmail.com', 'Hồ Chí Minh');
INSERT INTO ADMIN VALUES('ADMIN01');

INSERT INTO `employee` VALUES('TEACHER01','574952290769','Trần Anh Anh','0108750657','TEACHER01','1','1997-10-25','Nha Trang','TEACHER01@gmail.com','Hồ Chí Minh');
INSERT INTO `employee` VALUES('TEACHER02','364145797992','Trương Ngọc Huy','0269444449','TEACHER02','1','1995-12-11','Hà Nội','TEACHER02@gmail.com','Hồ Chí Minh');
INSERT INTO `employee` VALUES('TEACHER03','136683225533','Trương Hoàng Sang','0887085972','TEACHER03','1','1998-01-11','Đà Nẵng','TEACHER03@gmail.com','Hồ Chí Minh');
INSERT INTO `employee` VALUES('TEACHER04','726016803749','Nguyễn Anh Anh','0991982362','TEACHER04','1','1997-02-21','Hà Nội','TEACHER04@gmail.com','Hồ Chí Minh');
INSERT INTO `employee` VALUES('TEACHER05','092695596594','Phan Gia Sang','0544436407','TEACHER05','1','1993-08-05','Đà Nẵng','TEACHER05@gmail.com','Hồ Chí Minh');
INSERT INTO `employee` VALUES('TEACHER06','227146684623','Phan Gia Yến','0117068853','TEACHER06','1','1999-10-18','Hà Nội','TEACHER06@gmail.com','Hồ Chí Minh');
INSERT INTO `employee` VALUES('TEACHER07','214471458396','Trần Gia Huy','0278476987','TEACHER07','1','1994-11-28','Nha Trang','TEACHER07@gmail.com','Hồ Chí Minh');
INSERT INTO `employee` VALUES('TEACHER08','927899624348','Phan Hoàng Sang','0336450904','TEACHER08','1','1995-12-01','Hà Nội','TEACHER08@gmail.com','Hồ Chí Minh');
INSERT INTO `employee` VALUES('TEACHER09','140353281924','Nguyễn Hoàng Trọng','0253734388','TEACHER09','1','1996-03-14','Đà Nẵng','TEACHER09@gmail.com','Hồ Chí Minh');
INSERT INTO TEACHER VALUES('TEACHER01'),('TEACHER02'),('TEACHER03'),('TEACHER04'),('TEACHER05'),('TEACHER06'),('TEACHER07'),('TEACHER08'),('TEACHER09');

INSERT INTO `employee` VALUES('SUPERVISOR01','257765853111','Trương Anh Huy','0275854816','SUPERVISOR01','2','1996-04-23','Đà Nẵng','SUPERVISOR01@gmail.com','Hồ Chí Minh');
INSERT INTO `employee` VALUES('SUPERVISOR02','734687731508','Trương Anh Anh','0545714246','SUPERVISOR02','2','1998-05-30','Hà Nội','SUPERVISOR02@gmail.com','Hồ Chí Minh');
INSERT INTO `employee` VALUES('SUPERVISOR03','471055875291','Phan Ngọc Sang','0467714096','SUPERVISOR03','2','1997-09-10','Hà Nội','SUPERVISOR03@gmail.com','Hồ Chí Minh');
INSERT INTO `employee` VALUES('SUPERVISOR04','343623825262','Trương Ngọc Huy','0372120816','SUPERVISOR04','2','1998-10-24','Đà Nẵng','SUPERVISOR04@gmail.com','Hồ Chí Minh');
INSERT INTO `employee` VALUES('SUPERVISOR05','430931215286','Phan Hoàng Yến','0271242310','SUPERVISOR05','2','1999-03-26','Hồ Chí Minh','SUPERVISOR05@gmail.com','Hồ Chí Minh');
INSERT INTO SUPERVISOR VALUES('SUPERVISOR01'),('SUPERVISOR02'),('SUPERVISOR03'),('SUPERVISOR04'),('SUPERVISOR05');